method,k,workload,n,mean_tps,median_tps,mean_latency_s,median_latency_s,mean_output_tokens,mean_acceptance_rate,mean_rejection_rate,mean_entropy,total_draft_tokens,total_accepted_tokens,total_rejected_tokens,wasted_token_rate,accepted_token_rate,wasted_token_pct
draft_sd,1,code_gen,50,63.45007921389505,64.5170495196345,8.107120902389289,7.935921401949599,512.0,0.850235177164452,0.14976482283554796,0.19336836383757305,13862.0,11717.0,2145.0,0.15473957581878517,0.8452604241812148,15.473957581878517
draft_sd,1,conversational_generation_gen,50,60.54581023245548,60.77146530023929,8.731353153605014,8.425037336535752,512.0,0.8077437447311426,0.1922562552688574,0.37904703151707103,14173.0,11400.0,2773.0,0.19565370775418048,0.8043462922458195,19.56537077541805
draft_sd,1,conversational_generation_sft,50,60.880603121340776,61.33727611880303,8.491015479546041,8.347289955476299,512.0,0.7848161170189972,0.21518388298100277,0.37756351343964634,14356.0,11214.0,3142.0,0.21886319308999722,0.7811368069100028,21.88631930899972
draft_sd,1,hardware_gen,50,60.97364516618475,62.94240082425591,8.651091334382071,8.134422358125448,511.42,0.8194112532792165,0.18058874672078346,0.2455633136916063,14093.0,11446.0,2647.0,0.1878237422834031,0.8121762577165968,18.78237422834031
draft_sd,1,long_chain_reasoning,50,61.78474770838925,62.72058303901303,16.95179917178117,16.32640233100392,1024.0,0.8151823033708164,0.1848176966291835,0.2846425166997227,28314.0,22856.0,5458.0,0.1927668291304655,0.8072331708695345,19.27668291304655
draft_sd,1,long_context_completion,50,64.67118814541968,67.5488681709314,27.680376953557133,30.150724244536832,1849.6,0.9342837127236275,0.06571628727637233,0.0929443379312545,47463.0,44990.0,2473.0,0.05210374396898637,0.9478962560310137,5.210374396898637
draft_sd,1,long_horizon_swe,50,63.615148314459695,64.43462021160428,16.305540234884248,15.866502303397283,1023.14,0.8568149689325424,0.14318503106745764,0.2372341698238776,27619.0,23508.0,4111.0,0.14884680835656613,0.8511531916434338,14.884680835656614
draft_sd,1,mathematical_reasoning,50,61.26343635816525,60.751349503887326,8.273021873505787,8.427818728610873,505.46,0.8021292351227415,0.19787076487725855,0.2272197720666842,14037.0,11211.0,2826.0,0.20132506945928616,0.7986749305407138,20.132506945928615
draft_sd,2,code_gen,50,65.69569570864563,67.43056553645725,7.884621422877535,7.593049151357263,512.0,0.7920651386127457,0.20793486138725417,0.19336027391116647,20008.0,15594.0,4414.0,0.22061175529788085,0.7793882447021192,22.061175529788084
draft_sd,2,conversational_generation_gen,50,62.29909454618766,61.41221500772317,8.537107590138913,8.337103933561593,512.0,0.7334645331285756,0.26653546687142443,0.3816626248121363,20894.0,15145.0,5749.0,0.27515076098401453,0.7248492390159854,27.515076098401455
draft_sd,2,conversational_generation_sft,50,60.29580648199613,60.31607330227119,8.615025883931667,8.4886675698217,512.0,0.7044285908108742,0.2955714091891258,0.37761453047401444,21414.0,14875.0,6539.0,0.3053609787989166,0.6946390212010835,30.53609787989166
draft_sd,2,hardware_gen,50,61.672918725785074,64.54962199889079,8.618343838145956,7.931883921381086,511.42,0.7442735510500305,0.25572644894996954,0.2472196049174208,20868.0,15135.0,5733.0,0.27472685451408857,0.7252731454859115,27.472685451408857
draft_sd,2,long_chain_reasoning,50,62.932859121862855,60.218889461684164,16.576445944886654,17.004671595292166,1024.0,0.7443592262049495,0.25564077379505046,0.2835722181394152,41890.0,30250.0,11640.0,0.27787061351157794,0.7221293864884221,27.787061351157792
draft_sd,2,long_context_completion,50,71.09454481059699,75.50578534764611,25.042833980945872,26.916585879866034,1849.6,0.9092562564050608,0.0907437435949392,0.0939620530364395,65198.0,59878.0,5320.0,0.08159759501825209,0.9184024049817479,8.159759501825208
draft_sd,2,long_horizon_swe,50,65.06889302572743,64.91802556276281,15.858406022619455,15.694179535843432,1020.76,0.8072727791420428,0.1927272208579571,0.23410793225521595,39404.0,31338.0,8066.0,0.20470003045376103,0.7952999695462389,20.470003045376103
draft_sd,2,mathematical_reasoning,50,61.13327841815963,60.02982456473604,8.335751752136275,8.529097265098244,505.46,0.7251274957739255,0.2748725042260744,0.2271784025625657,20750.0,14894.0,5856.0,0.2822168674698795,0.7177831325301205,28.22168674698795
draft_sd,4,code_gen,50,60.92847715883889,62.90173440553474,8.776789957042784,8.14142666105181,512.0,0.6928040528074834,0.3071959471925166,0.19350618975274744,28100.0,18618.0,9482.0,0.3374377224199288,0.6625622775800711,33.74377224199288
draft_sd,4,conversational_generation_gen,50,54.20520899130733,50.97572727574465,9.91237434025854,10.043996070045978,512.0,0.6012098860548786,0.3987901139451213,0.3818508610110326,30812.0,17906.0,12906.0,0.4188627807347787,0.5811372192652213,41.88627807347787
draft_sd,4,conversational_generation_sft,50,48.74340178413183,48.63494050886496,10.95473494852893,10.527502332814038,512.0,0.5792304070882085,0.4207695929117915,0.378273983105448,31688.0,17702.0,13986.0,0.4413658167129513,0.5586341832870487,44.136581671295126
draft_sd,4,hardware_gen,50,55.291176206975535,56.44822129446523,10.022002227073536,9.070529914461076,511.42,0.6343483929464893,0.36565160705351063,0.2469942763381137,30392.0,18002.0,12390.0,0.40767307186101603,0.5923269281389839,40.767307186101604
draft_sd,4,long_chain_reasoning,50,56.0362793404121,51.404474857908255,19.461684961104766,19.920469955541193,1024.0,0.6364470647157797,0.36355293528422034,0.2864286455523891,61416.0,35880.0,25536.0,0.4157874169597499,0.5842125830402501,41.57874169597499
draft_sd,4,long_context_completion,50,68.88720307388652,75.2401399832039,26.226867004781962,26.684161314973608,1849.6,0.8680459843471533,0.13195401565284673,0.09209160796747452,82804.0,71837.0,10967.0,0.13244529249794695,0.867554707502053,13.244529249794695
draft_sd,4,long_horizon_swe,50,59.30526818608617,58.38053319725043,18.01905664266087,17.5401702914387,1021.74,0.7060664097270565,0.2939335902729435,0.23972252934185406,55404.0,37287.0,18117.0,0.32699805068226123,0.6730019493177388,32.69980506822613
draft_sd,4,mathematical_reasoning,50,53.910496466544885,51.81733850564332,9.560298402309417,9.881202338496223,505.46,0.6022925935399895,0.39770740646001046,0.22717032749949262,30296.0,17736.0,12560.0,0.4145761816741484,0.5854238183258516,41.457618167414836
draft_sd,8,code_gen,50,52.39472542261592,52.920918304987964,11.032873198697343,9.680686544626951,512.0,0.5442581639419732,0.4557418360580268,0.194574319591474,42416.0,20411.0,22005.0,0.5187900792153904,0.48120992078460956,51.87900792153904
draft_sd,8,conversational_generation_gen,50,43.626983515298924,38.59751636006985,12.803993138428778,13.266023989301175,512.0,0.4343986302108695,0.5656013697891304,0.3879591085062834,49200.0,19529.0,29671.0,0.6030691056910569,0.39693089430894307,60.30691056910569
draft_sd,8,conversational_generation_sft,50,39.661682724114414,36.78451691704815,13.911723868260161,13.922583394451067,512.0,0.39739039489097605,0.602609605109024,0.38023631479200626,52504.0,19119.0,33385.0,0.6358563157092793,0.3641436842907207,63.58563157092792
draft_sd,8,hardware_gen,50,47.79616619794952,45.1683553577814,12.38167050207965,11.337643767008558,511.42,0.4780937693191787,0.5219062306808212,0.2644819347167289,48240.0,19633.0,28607.0,0.593014096185738,0.40698590381426203,59.3014096185738
draft_sd,8,long_chain_reasoning,50,49.81956748174517,40.13785250559728,24.070850232727825,25.512290299870074,1024.0,0.5018935261641312,0.4981064738358688,0.27849564275314287,96024.0,39330.0,56694.0,0.590414896275931,0.409585103724069,59.0414896275931
draft_sd,8,long_context_completion,50,71.95718675611803,79.59643004635457,26.432485946659,24.103337296051905,1849.6,0.7862211429206072,0.21377885707939276,0.09381550839821258,106656.0,79268.0,27388.0,0.2567881788178818,0.7432118211821183,25.67881788178818
draft_sd,8,long_horizon_swe,50,55.79561304419492,53.72975488548546,20.003267243513836,19.05847302847542,1021.86,0.5851518504741394,0.4148481495258606,0.22238635565575518,78080.0,41468.0,36612.0,0.4689036885245902,0.5310963114754098,46.89036885245902
draft_sd,8,mathematical_reasoning,50,43.71162904107649,41.02882352406617,12.429491965277121,12.479170083068311,512.0,0.42780491569963996,0.57219508430036,0.23635308147950623,48776.0,19587.0,29189.0,0.5984295555191077,0.40157044448089224,59.84295555191077
draft_sd,16,code_gen,50,39.5848660819745,39.491529490574266,16.073153977505864,12.96515910862945,512.0,0.3926255372299851,0.6073744627700148,0.19449247810617407,69840.0,21440.0,48400.0,0.693012600229095,0.30698739977090495,69.3012600229095
draft_sd,16,conversational_generation_gen,50,28.723521961378434,22.52131366716752,20.82801265171729,22.73403871874325,512.0,0.27984734713782716,0.7201526528621727,0.3852334899005423,87344.0,20291.0,67053.0,0.7676886792452831,0.23231132075471697,76.76886792452831
draft_sd,16,conversational_generation_sft,50,25.10779090961302,23.278997940965922,22.929214505674317,21.99758642865345,512.0,0.24741850649460734,0.7525814935053926,0.3781766597710834,93712.0,19881.0,73831.0,0.7878500085367935,0.21214999146320643,78.78500085367935
draft_sd,16,hardware_gen,50,34.52143216344956,30.63093789484846,19.004144492819904,16.717440004460514,511.42,0.3378657867709192,0.6621342132290807,0.2614860214427791,82112.0,20676.0,61436.0,0.7481975837879968,0.2518024162120031,74.81975837879969
draft_sd,16,long_chain_reasoning,50,38.39183066238887,23.959853646650846,38.44392848479561,42.738374006934464,1024.0,0.38922530631158664,0.6107746936884133,0.2817111314752327,165584.0,41099.0,124485.0,0.7517936515605372,0.24820634843946274,75.17936515605372
draft_sd,16,long_context_completion,50,65.55114238669707,75.49863559603531,32.24594164180569,25.611465057125315,1849.6,0.6974479225222864,0.3025520774777136,0.09202121407664926,142384.0,83860.0,58524.0,0.4110293291381054,0.5889706708618946,41.10293291381054
draft_sd,16,long_horizon_swe,50,41.365647520356916,35.20288416732901,30.151523298649117,29.09028971544467,1024.0,0.4251400707282653,0.5748599292717347,0.23513434477800904,128064.0,43467.0,84597.0,0.6605837706146926,0.33941622938530736,66.05837706146926
draft_sd,16,mathematical_reasoning,50,28.828540215563212,26.06509988729708,19.375930164093152,19.64336598431692,512.0,0.2732303256726016,0.7267696743273985,0.23655872624495417,84288.0,20513.0,63775.0,0.7566320235383447,0.24336797646165528,75.66320235383446
eagle3,1,code_gen,50,179.83761215602624,181.15950185106365,2.915440827617422,2.82624370791018,512.0,0.07346577879752353,0.9265342212024764,0.20182735035400817,23825.0,1725.0,22100.0,0.9275970619097587,0.07240293809024134,92.75970619097586
eagle3,1,conversational_generation_gen,50,179.32648770333435,179.02326897586204,2.86758614028804,2.8599660641048104,512.0,0.056965053394689845,0.9430349466053102,0.3862285021830049,24191.0,1363.0,22828.0,0.9436567318424207,0.056343268157579264,94.36567318424207
eagle3,1,conversational_generation_sft,50,177.7775346343947,179.04307925006444,2.8937874730862676,2.859647085890174,512.0,0.05441828576664731,0.9455817142333527,0.40266306415187353,24253.0,1300.0,22953.0,0.9463983837051086,0.05360161629489135,94.63983837051086
eagle3,1,hardware_gen,50,184.70995238141356,185.3276197361506,2.7833344792854042,2.762675310485065,511.68,0.07621672008602043,0.9237832799139796,0.280210252632849,23765.0,1772.0,21993.0,0.925436566379129,0.07456343362087103,92.5436566379129
eagle3,1,long_chain_reasoning,50,198.75078602509078,181.72826467495707,5.357331720208749,5.634787650546059,1024.0,0.1540053690204195,0.8459946309795805,0.2740538622626566,45985.0,5170.0,40815.0,0.8875720343590301,0.11242796564096988,88.75720343590301
eagle3,1,long_context_completion,50,178.13882431093597,175.32226204128625,10.164115113997832,11.459030412137508,1849.56,0.09409673438918888,0.905903265610811,0.09436124635567929,85634.0,6795.0,78839.0,0.9206506761333115,0.07934932386668847,92.06506761333115
eagle3,1,long_horizon_swe,50,180.083376397026,180.05285619555852,5.697354485103861,5.687219030922279,1024.0,0.05277819521100862,0.9472218047889913,0.24479571557849678,48624.0,2529.0,46095.0,0.9479886475814413,0.05201135241855873,94.79886475814413
eagle3,1,mathematical_reasoning,50,184.54604179881116,184.6632821632119,2.761195103954524,2.7726144066546112,507.42,0.09711935636404043,0.9028806436359595,0.23192480445474956,23108.0,2215.0,20893.0,0.9041457503894755,0.0958542496105245,90.41457503894755
eagle3,2,code_gen,50,168.10763035730935,169.20561414773871,3.125358333457261,3.025904468493536,512.0,0.03892061195151439,0.9610793880484856,0.183789431967197,47480.0,1813.0,45667.0,0.96181550126369,0.038184498736310024,96.181550126369
eagle3,2,conversational_generation_gen,50,168.63618972007058,168.78707096387114,3.0489260321110487,3.033408143557608,512.0,0.0290479957712879,0.970952004228712,0.3867327117476297,48330.0,1389.0,46941.0,0.971260086902545,0.028739913097454998,97.1260086902545
eagle3,2,conversational_generation_sft,50,167.27404943779086,168.24537592894086,3.072590723801404,3.0431785164400935,512.0,0.02803960498521442,0.9719603950147855,0.40363637776469746,48434.0,1336.0,47098.0,0.9724160713548334,0.02758392864516662,97.24160713548335
eagle3,2,hardware_gen,50,173.41423558746422,174.5202410314172,2.956676183110103,2.933757177554071,510.34,0.03835253307755586,0.9616474669224441,0.28130068459409857,47372.0,1783.0,45589.0,0.9623617326690872,0.03763826733091277,96.23617326690872
eagle3,2,long_chain_reasoning,50,188.78198619916006,171.20803913229,5.656244393950328,5.981028908863664,1024.0,0.0826552729303626,0.9173447270696374,0.2741221827263086,91362.0,5477.0,85885.0,0.9400516626168429,0.059948337383157115,94.0051662616843
eagle3,2,long_context_completion,50,167.02697910834516,163.7897966952894,10.870055874669925,12.305993230314925,1849.56,0.045664726352286696,0.9543352736477133,0.08553601177887511,171562.0,6650.0,164912.0,0.9612385026987328,0.038761497301267184,96.12385026987327
eagle3,2,long_horizon_swe,50,169.68736639399884,169.82582196930855,6.050375129794702,6.029707309789956,1024.0,0.02625796904233888,0.9737420309576611,0.25284571088688357,97270.0,2519.0,94751.0,0.9741030122339879,0.025896987766012132,97.41030122339879
eagle3,2,mathematical_reasoning,50,174.8065968955868,174.76021327322243,2.9228108351491393,2.9267267312388867,508.2,0.05535675346419994,0.9446432465358001,0.22128470259835178,45732.0,2495.0,43237.0,0.9454430158313654,0.05455698416863465,94.54430158313653
eagle3,4,code_gen,50,151.04889142070613,151.50086131432892,3.4070424587093293,3.379519949434325,512.0,0.019914560108777516,0.9800854398912224,0.18003762635784945,94816.0,1850.0,92966.0,0.9804885251434357,0.019511474856564293,98.04885251434357
eagle3,4,conversational_generation_gen,50,154.9643211163774,154.96219049140436,3.3183597493451087,3.3040387278888375,512.0,0.014590868344786748,0.9854091316552132,0.3869445918941897,96636.0,1395.0,95241.0,0.9855643859431268,0.014435614056873216,98.55643859431268
eagle3,4,conversational_generation_sft,50,154.36571593602037,154.23836815533772,3.325007202010602,3.3195474811363965,512.0,0.01446752349129957,0.9855324765087004,0.4019036657967447,96716.0,1374.0,95342.0,0.9857934571322222,0.014206542867777824,98.57934571322222
eagle3,4,hardware_gen,50,159.48991027166886,159.76024547151286,3.209993963642046,3.2048036605119705,510.34,0.019612105400845604,0.9803878945991543,0.28368669945047864,94592.0,1821.0,92771.0,0.980748900541272,0.01925109945872801,98.0748900541272
eagle3,4,long_chain_reasoning,50,172.9081090139186,157.12800023879862,6.1774824650399385,6.516982323490083,1024.0,0.041231024129505925,0.958768975870494,0.27531932674662896,182800.0,5457.0,177343.0,0.9701477024070022,0.02985229759299781,97.01477024070022
eagle3,4,long_context_completion,50,153.85283775776486,150.43997469729072,11.774098132234066,13.27996743004769,1849.56,0.02275129226244926,0.9772487077375507,0.08948550257265525,343224.0,6625.0,336599.0,0.9806977367550055,0.01930226324499452,98.06977367550054
eagle3,4,long_horizon_swe,50,155.57261213992632,156.04744748167485,6.589793860400095,6.562107067089528,1024.0,0.012999644730338877,0.987000355269661,0.25033364123802954,194624.0,2499.0,192125.0,0.987159856954949,0.01284014304505097,98.71598569549491
eagle3,4,mathematical_reasoning,50,155.53134921406712,154.52315221452324,3.290388066219166,3.3120084775146097,508.2,0.02795275113657592,0.9720472488634241,0.2287126108568412,91444.0,2500.0,88944.0,0.9726608634792878,0.02733913652071213,97.26608634792878
eagle3,8,code_gen,50,125.85351981244128,125.47588938631395,4.082300463486463,4.08047267398797,512.0,0.009506156576553439,0.9904938434234465,0.19349331812449463,190264.0,1769.0,188495.0,0.9907023924652062,0.00929760753479376,99.07023924652061
eagle3,8,conversational_generation_gen,50,117.80958141501637,118.22633299725206,4.355019996538759,4.33069017296657,512.0,0.007314233341436548,0.9926857666585635,0.38648344182979527,193240.0,1399.0,191841.0,0.9927602980749327,0.007239701925067274,99.27602980749327
eagle3,8,conversational_generation_sft,50,117.64563378083635,117.74576517637149,4.363619719529525,4.348351835971698,512.0,0.006963692590977082,0.9930363074090228,0.39070792695883705,193832.0,1326.0,192506.0,0.9931590243097115,0.006840975690288497,99.31590243097115
eagle3,8,hardware_gen,50,119.39759887284129,116.94052283692955,4.282279714345932,4.378298262832686,508.32,0.010275965860082469,0.9897240341399174,0.2772064039404662,188120.0,1854.0,186266.0,0.9901445885604933,0.009855411439506698,99.01445885604933
eagle3,8,long_chain_reasoning,50,135.97709591010207,123.98690291656564,7.839448269233108,8.259046104038134,1024.0,0.021040199402846432,0.9789598005971536,0.3009269687610711,364008.0,5655.0,358353.0,0.9844646271510517,0.015535372848948376,98.44646271510517
eagle3,8,long_context_completion,50,119.20551593786855,116.45566122984532,15.068564022937789,17.381343795219436,1829.92,0.011636313112003065,0.9883636868879969,0.09279639872923104,678688.0,6614.0,672074.0,0.9902547267669386,0.009745273233061437,99.02547267669387
eagle3,8,long_horizon_swe,50,121.61338511733753,121.83024513786367,8.40041920201853,8.403302895603701,1020.94,0.00613102502234677,0.9938689749776531,0.2333676626034234,389104.0,2359.0,386745.0,0.9939373535096016,0.006062646490398454,99.39373535096016
eagle3,8,mathematical_reasoning,50,126.83380693144532,126.31797057149387,4.043381323851645,4.053267023991793,510.84,0.013857001227534606,0.9861429987724654,0.23038927153380104,183936.0,2506.0,181430.0,0.986375695894224,0.013624304105775921,98.6375695894224
eagle3,16,code_gen,50,82.90824802056291,82.74005700639123,6.193310757139698,6.188056562561542,512.0,0.00490187545221798,0.995098124547782,0.1945684997415934,379728.0,1819.0,377909.0,0.9952097290692286,0.0047902709307715,99.52097290692285
eagle3,16,conversational_generation_gen,50,80.11607014784857,79.9504351638019,6.399663040190935,6.403970011509955,512.0,0.003667440309855732,0.9963325596901442,0.38620324543358636,386432.0,1403.0,385029.0,0.9963693482941371,0.0036306517058628685,99.63693482941372
eagle3,16,conversational_generation_sft,50,79.69348745400548,79.50128775466366,6.435482133897022,6.440147682093084,512.0,0.003452458819522864,0.9965475411804771,0.38910060627600296,387808.0,1315.0,386493.0,0.9966091467942899,0.003390853205710042,99.660914679429
eagle3,16,hardware_gen,50,79.10866277930052,78.13102234914915,6.4548777591064574,6.553095581009984,508.32,0.005205183705581295,0.9947948162944187,0.27973166159134694,376000.0,1871.0,374129.0,0.9950239361702128,0.004976063829787234,99.50239361702128
eagle3,16,long_chain_reasoning,50,89.43137195312391,81.2991995189158,11.898481435449794,12.595458477037027,1024.0,0.010482539057464388,0.9895174609425355,0.29808163263444754,728464.0,5628.0,722836.0,0.9922741549342178,0.007725845065782249,99.22741549342177
eagle3,16,long_context_completion,50,80.42308948162203,78.45295758143483,22.417583210300656,25.94991363887675,1829.92,0.005935308753687991,0.9940646912463119,0.0951080379263523,1355120.0,6756.0,1348364.0,0.9950144636637346,0.004985536336265423,99.50144636637346
eagle3,16,long_horizon_swe,50,78.57256338653286,77.17308145748399,13.069985086619853,13.268877512542531,1024.0,0.002958377973238302,0.9970416220267616,0.22377652160481568,781856.0,2284.0,779572.0,0.997078745958335,0.0029212540416649613,99.7078745958335
eagle3,16,mathematical_reasoning,50,84.83223563865698,85.09616862163588,6.035160503722727,6.016722428845242,510.84,0.006895520273900106,0.9931044797260998,0.22766250138639016,368032.0,2495.0,365537.0,0.9932206982001565,0.0067793017998434915,99.32206982001564
ngram_sd,1,code_gen,50,198.29489317498528,202.8190342219134,2.8355848306976257,2.524481969187036,512.0,0.5646353260671672,0.43536467393283274,0.20182735035400817,13608.0,7607.0,6001.0,0.4409905937683715,0.5590094062316284,44.099059376837154
ngram_sd,1,conversational_generation_gen,50,178.97246928797094,169.08302157631135,2.9445793002005667,3.0281154790427536,512.0,0.3847589985313601,0.6152410014686399,0.3860775152618817,15537.0,5761.0,9776.0,0.6292076977537491,0.37079230224625087,62.92076977537491
ngram_sd,1,conversational_generation_sft,50,174.61985842029557,170.24979050663688,2.9958456668443976,3.007374735316262,512.0,0.35169258151275007,0.6483074184872498,0.40266306415187353,16061.0,5474.0,10587.0,0.6591743976091152,0.3408256023908848,65.91743976091152
ngram_sd,1,hardware_gen,50,200.85079030666193,191.80925781511883,2.613686552196741,2.6279267340432853,509.3,0.5436696400943279,0.45633035990567206,0.26061499855566655,14849.0,7856.0,6993.0,0.4709408040945518,0.5290591959054481,47.09408040945518
ngram_sd,1,long_chain_reasoning,50,209.04549437979702,195.8138700351381,5.0565432386379685,5.2295831923838705,1024.0,0.5946545356975464,0.40534546430245355,0.2740538622626566,28875.0,16672.0,12203.0,0.4226147186147186,0.5773852813852813,42.26147186147186
ngram_sd,1,long_context_completion,50,217.93678142965135,232.252875668661,8.276779817640781,8.710175656247884,1849.56,0.7037020061166178,0.29629799388338224,0.09430365324753474,51505.0,36869.0,14636.0,0.284166585768372,0.715833414231628,28.4166585768372
ngram_sd,1,long_horizon_swe,50,208.41809729220452,202.73829041756923,5.068657759698108,5.0508821294642985,1024.0,0.5918960442821742,0.40810395571782576,0.24498030779622584,28624.0,16548.0,12076.0,0.42188373392956957,0.5781162660704304,42.188373392956954
ngram_sd,1,mathematical_reasoning,50,183.66651013550904,184.2693266009404,2.8403662204742433,2.7672944341320544,507.42,0.44762395295589763,0.5523760470441023,0.23192480445474956,14318.0,6370.0,7948.0,0.555105461656656,0.444894538343344,55.510546165665595
ngram_sd,2,code_gen,50,246.162173676379,245.38494878498034,2.2560176365450024,2.0866322272922844,512.0,0.4684254474125143,0.5315745525874856,0.183789431967197,22528.0,9862.0,12666.0,0.5622336647727273,0.4377663352272727,56.22336647727273
ngram_sd,2,conversational_generation_gen,50,200.81567075658822,179.79854653643685,2.695662173144519,2.84763148217462,512.0,0.29992822129136393,0.700071778708636,0.3865951971211314,27674.0,7493.0,20181.0,0.7292404422924045,0.2707595577075956,72.92404422924045
ngram_sd,2,conversational_generation_sft,50,192.01924582172228,181.32634361386164,2.7813823374081403,2.823794002411887,512.0,0.26154943194889524,0.7384505680511048,0.40362449323116745,29043.0,7006.0,22037.0,0.7587714767758151,0.24122852322418484,75.87714767758152
ngram_sd,2,hardware_gen,50,241.12651524534823,228.83529764386876,2.258796833315864,2.2064394508488476,508.9,0.45829031348296456,0.5417096865170354,0.2590982926174766,24518.0,10370.0,14148.0,0.5770454360061995,0.4229545639938005,57.70454360061995
ngram_sd,2,long_chain_reasoning,50,252.4829665349111,216.57315415799837,4.408699532849714,4.729939928976819,1024.0,0.5062116748192527,0.4937883251807472,0.2741221827263086,47477.0,21902.0,25575.0,0.5386818880721191,0.46131811192788086,53.868188807211915
ngram_sd,2,long_context_completion,50,278.930015218444,284.1810795621102,6.682295309631154,6.669029141543433,1849.56,0.6389869123523906,0.3610130876476094,0.08823970987009071,78611.0,49203.0,29408.0,0.3740952284031497,0.6259047715968503,37.40952284031497
ngram_sd,2,long_horizon_swe,50,255.2756344501943,230.89597906775086,4.29123405138962,4.438894348917529,1024.0,0.508658688704505,0.491341311295495,0.2537369379219373,46486.0,21940.0,24546.0,0.5280299444994192,0.4719700555005808,52.80299444994192
ngram_sd,2,mathematical_reasoning,50,203.0430258236268,196.20989125381536,2.5503040182031693,2.602520420681685,508.2,0.3429959944234207,0.6570040055765793,0.22128470259835178,24846.0,8331.0,16515.0,0.6646945182323111,0.335305481767689,66.46945182323111
ngram_sd,4,code_gen,50,288.5013684264497,271.4212014456582,2.123902415316552,1.8864144114777446,512.0,0.3608363695950142,0.6391636304049857,0.18003762635784945,38077.0,11624.0,26453.0,0.6947238490427292,0.3052761509572708,69.47238490427293
ngram_sd,4,conversational_generation_gen,50,229.64350235722003,189.68527512656067,2.4983399771153927,2.699275251245126,512.0,0.21298474244079393,0.787015257559206,0.3867189756863165,50653.0,8661.0,41992.0,0.8290130890569166,0.17098691094308333,82.90130890569166
ngram_sd,4,conversational_generation_sft,50,212.2437538597361,193.80341641156187,2.603323111673817,2.641853781649843,512.0,0.17700017004601945,0.8229998299539806,0.40213360935793496,53641.0,8130.0,45511.0,0.8484368300367257,0.15156316996327437,84.84368300367257
ngram_sd,4,hardware_gen,50,286.1352658941292,247.64836894532672,2.0283866349887103,2.053792104590684,508.9,0.3310960997140746,0.6689039002859254,0.2715853895210709,42847.0,11814.0,31033.0,0.7242747450229887,0.2757252549770112,72.42747450229888
ngram_sd,4,long_chain_reasoning,50,339.6643913452603,255.72418949053852,3.6547766685765235,4.004315091995522,1024.0,0.415655694757394,0.5843443052426059,0.27531932674662896,78512.0,26130.0,52382.0,0.6671846341960465,0.33281536580395354,66.71846341960465
ngram_sd,4,long_context_completion,50,402.10968772532505,383.05858193702164,5.017626642566174,4.703978304984048,1849.56,0.5521983033945835,0.44780169660541647,0.09085475347442964,118347.0,58787.0,59560.0,0.5032658200038869,0.49673417999611313,50.32658200038868
ngram_sd,4,long_horizon_swe,50,332.2046171625316,294.24651993155,3.5854398393444717,3.4884758063126355,1024.0,0.41876087692907954,0.5812391230709205,0.24943964532087878,75067.0,26548.0,48519.0,0.6463426006101216,0.3536573993898784,64.63426006101216
ngram_sd,4,mathematical_reasoning,50,226.0409535764998,219.6943357647525,2.32787819637917,2.316530165495351,508.2,0.22469314576999394,0.775306854230006,0.2287126108568412,44562.0,9573.0,34989.0,0.7851757102463983,0.2148242897536017,78.51757102463984
ngram_sd,8,code_gen,50,327.0172737929638,287.27646125337924,1.959834105623886,1.8066489333286881,512.0,0.24946010502969515,0.7505398949703048,0.19349331812449463,67588.0,12488.0,55100.0,0.8152334733976445,0.18476652660235546,81.52334733976446
ngram_sd,8,conversational_generation_gen,50,255.30940825106333,189.5607405388887,2.4260980604588984,2.701027925591916,512.0,0.14676556970435328,0.8532344302956467,0.38575461521149,95285.0,9450.0,85835.0,0.9008238442567036,0.09917615574329643,90.08238442567036
ngram_sd,8,conversational_generation_sft,50,230.3588452797863,195.01066564179303,2.476540507748723,2.6255286762025207,512.0,0.1186255172549521,0.8813744827450479,0.39014902285633324,99353.0,9230.0,90123.0,0.9070989300776021,0.09290106992239791,90.70989300776021
ngram_sd,8,hardware_gen,50,354.1438452407695,271.3608232876936,1.8445519464928657,1.8874207956250757,511.42,0.24858855611803718,0.7514114438819628,0.26342679107400235,75247.0,13307.0,61940.0,0.8231557404281898,0.17684425957181016,82.31557404281898
ngram_sd,8,long_chain_reasoning,50,408.729211494844,244.05875206629332,3.6115141575597227,4.196030874969438,1024.0,0.2870898389509403,0.7129101610490597,0.3009269687610711,147303.0,26428.0,120875.0,0.8205874965207769,0.1794125034792231,82.0587496520777
ngram_sd,8,long_context_completion,50,602.9928037589654,491.6779079398443,3.79744880316779,3.3547870269976556,1829.92,0.48502513975902456,0.5149748602409755,0.09270939051785,171370.0,65919.0,105451.0,0.6153410748672463,0.3846589251327537,61.53410748672463
ngram_sd,8,long_horizon_swe,50,451.1877612737888,380.99632559936697,3.155555758085102,2.6927004859317094,1024.0,0.33610307751185076,0.6638969224881492,0.23308504911051758,126752.0,29746.0,97006.0,0.7653212572582682,0.2346787427417319,76.53212572582682
ngram_sd,8,mathematical_reasoning,50,239.5143573324389,231.44488190874046,2.2315657428372653,2.2121909307315946,510.84,0.1374504691675366,0.8625495308324633,0.23038927153380104,82250.0,10550.0,71700.0,0.8717325227963526,0.12826747720364742,87.17325227963526
ngram_sd,16,code_gen,50,377.97960683701405,364.20027865526174,1.8558837438281626,1.4064059662632644,512.0,0.17362170315637115,0.8263782968436288,0.1945684997415934,121339.0,13434.0,107905.0,0.8892853905174758,0.11071460948252417,88.92853905174758
ngram_sd,16,conversational_generation_gen,50,278.7504763058041,186.86819622585475,2.401758074304089,2.740199882769957,512.0,0.0942023016067027,0.9057976983932973,0.3863868958968712,184415.0,9851.0,174564.0,0.9465824363527913,0.05341756364720874,94.65824363527912
ngram_sd,16,conversational_generation_sft,50,238.06108420202375,191.9392880307018,2.4687406100984663,2.6675122955348343,512.0,0.06875800635292795,0.9312419936470719,0.3910009857921182,193694.0,9563.0,184131.0,0.9506283106342994,0.049371689365700536,95.06283106342994
ngram_sd,16,hardware_gen,50,422.3871876496753,282.4569605917253,1.7444451044220477,1.8130466693546623,511.42,0.18183781313428965,0.8181621868657103,0.2602616512147377,136499.0,14263.0,122236.0,0.8955083920028718,0.10449160799712819,89.55083920028719
ngram_sd,16,long_chain_reasoning,50,538.5269912089379,246.18342624014844,3.568927033431828,4.161273532314226,1024.0,0.2265443893861683,0.7734556106138316,0.29808163263444754,274453.0,27568.0,246885.0,0.8995529289167908,0.10044707108320915,89.95529289167908
ngram_sd,16,long_context_completion,50,858.0410000791145,537.1410422599914,3.358678897898644,2.79617421887815,1829.92,0.40696655627895884,0.5930334437210412,0.0937459600418587,277586.0,70015.0,207571.0,0.7477718616933131,0.25222813830668694,74.77718616933132
ngram_sd,16,long_horizon_swe,50,600.1608183396368,414.2601149841056,2.893217202639207,2.4723951269406825,1024.0,0.2675666466294858,0.7324333533705141,0.22764582605997996,218040.0,32276.0,185764.0,0.8519721152082187,0.14802788479178133,85.19721152082187
ngram_sd,16,mathematical_reasoning,50,245.21450562478788,232.81197553240997,2.205772696416825,2.1992053587455302,510.84,0.07799762825184645,0.9220023717481536,0.22766250138639016,156870.0,11026.0,145844.0,0.9297125007968381,0.07028749920316185,92.97125007968381
