pool,n_blocks,draft_tokens,accepted_tokens,rejected_tokens,mean_k,mean_accepted_len,mean_rejected,full_accept_rate,wasted_token_rate,accepted_per_block,mean_tps,tps_ratio_vs_slow_only,STE_vs_slow_only,ATE_vs_slow_only,run_root,run_name,model_variant,candidate_set,wasted_token_pct
slow_fast,109704,1298214,179745,1118469,11.833789105228616,1.6384543863487202,10.195334718879897,0.0677185882009771,0.8615443986892762,1.6384543863487202,60.54253092811727,0.1518449598599549,0.0210237852234127,0.034446513116954,results/apexp_block/config_large_500/evaluation/paper_cap50/apex_hot_runs/survival_utility_controller_v4_balanced__k1_2_4_6_8_10_12_14_16,survival_utility_controller_v4_balanced__k1_2_4_6_8_10_12_14_16,survival_utility_controller_v4_balanced,k1_2_4_6_8_10_12_14_16,86.15443986892762
slow_only,109850,1627748,179600,1448148,14.817915339098771,1.634956759217114,13.182958579881657,0.0673190714610832,0.8896635105679749,1.634956759217114,398.7128119626429,1.0,0.1103364894320251,0.1803953891851771,results/apexp_block/config_large_500/evaluation/paper_cap50/apex_hot_runs/survival_utility_controller_v4_balanced__k1_2_4_6_8_10_12_14_16,survival_utility_controller_v4_balanced__k1_2_4_6_8_10_12_14_16,survival_utility_controller_v4_balanced,k1_2_4_6_8_10_12_14_16,88.96635105679749
slow_fast,110080,1321692,179379,1142313,12.006649709302325,1.629533066860465,10.37711664244186,0.0700581395348837,0.8642807855385369,1.629533066860465,61.01600360484626,0.1538528997950492,0.0208807947028022,0.0340259454305411,results/apexp_block/config_large_500/evaluation/paper_cap50/apex_hot_runs/survival_utility_controller_v4_balanced__k1_2_4_8_16,survival_utility_controller_v4_balanced__k1_2_4_8_16,survival_utility_controller_v4_balanced,k1_2_4_8_16,86.4280785538537
slow_only,109850,1627748,179600,1448148,14.817915339098771,1.634956759217114,13.182958579881657,0.0673190714610832,0.8896635105679749,1.634956759217114,396.5866336359405,1.0,0.1103364894320251,0.1803953891851771,results/apexp_block/config_large_500/evaluation/paper_cap50/apex_hot_runs/survival_utility_controller_v4_balanced__k1_2_4_8_16,survival_utility_controller_v4_balanced__k1_2_4_8_16,survival_utility_controller_v4_balanced,k1_2_4_8_16,88.96635105679749
slow_fast,109728,1296041,179755,1116286,11.81139727325751,1.6381871536891222,10.173210119568388,0.0678860454943132,0.8613045420630984,1.6381871536891222,61.86973401432932,0.1568145210727031,0.0217494618113344,0.0356296889389802,results/apexp_block/config_large_500/evaluation/paper_cap50/apex_hot_runs/survival_utility_controller_v4_balanced__k1_to_16,survival_utility_controller_v4_balanced__k1_to_16,survival_utility_controller_v4_balanced,k1_to_16,86.13045420630984
slow_only,109850,1627748,179600,1448148,14.817915339098771,1.634956759217114,13.182958579881657,0.0673190714610832,0.8896635105679749,1.634956759217114,394.54084730868107,1.0,0.1103364894320251,0.1803953891851771,results/apexp_block/config_large_500/evaluation/paper_cap50/apex_hot_runs/survival_utility_controller_v4_balanced__k1_to_16,survival_utility_controller_v4_balanced__k1_to_16,survival_utility_controller_v4_balanced,k1_to_16,88.96635105679749
slow_fast,117827,873270,170966,702304,7.411459173194599,1.4509917081823351,5.960467465012264,0.1230702640311643,0.8042232070264638,1.4509917081823351,59.48860292588429,0.1527379055535894,0.0299025373147766,0.0433883336973537,results/apexp_block/config_large_500/evaluation/paper_cap50/apex_hot_runs/survival_utility_controller_v4_balanced__k2_4_6_8,survival_utility_controller_v4_balanced__k2_4_6_8,survival_utility_controller_v4_balanced,k2_4_6_8,80.42232070264637
slow_only,109850,1627748,179600,1448148,14.817915339098771,1.634956759217114,13.182958579881657,0.0673190714610832,0.8896635105679749,1.634956759217114,389.481594043544,1.0,0.1103364894320251,0.1803953891851771,results/apexp_block/config_large_500/evaluation/paper_cap50/apex_hot_runs/survival_utility_controller_v4_balanced__k2_4_6_8,survival_utility_controller_v4_balanced__k2_4_6_8,survival_utility_controller_v4_balanced,k2_4_6_8,88.96635105679749
slow_fast,113762,922971,175435,747536,8.11317487385946,1.5421230287793817,6.57105184508008,0.0986972802869147,0.8099236054003863,1.5421230287793817,58.469201951272105,0.1463892959804386,0.0278251495879375,0.0429098039587895,results/apexp_block/config_large_500/evaluation/paper_cap50/apex_hot_runs/survival_utility_controller_v4_efficient__k1_2_4_6_8_10_12_14_16,survival_utility_controller_v4_efficient__k1_2_4_6_8_10_12_14_16,survival_utility_controller_v4_efficient,k1_2_4_6_8_10_12_14_16,80.99236054003863
slow_only,109850,1627748,179600,1448148,14.817915339098771,1.634956759217114,13.182958579881657,0.0673190714610832,0.8896635105679749,1.634956759217114,399.40899749313,1.0,0.1103364894320251,0.1803953891851771,results/apexp_block/config_large_500/evaluation/paper_cap50/apex_hot_runs/survival_utility_controller_v4_efficient__k1_2_4_6_8_10_12_14_16,survival_utility_controller_v4_efficient__k1_2_4_6_8_10_12_14_16,survival_utility_controller_v4_efficient,k1_2_4_6_8_10_12_14_16,88.96635105679749
slow_fast,113817,907616,175433,732183,7.974344781535271,1.541360253740654,6.432984527794618,0.0996160503264011,0.8067101064767479,1.541360253740654,57.03702874131128,0.1451601882732275,0.0280579973351473,0.0432474818919573,results/apexp_block/config_large_500/evaluation/paper_cap50/apex_hot_runs/survival_utility_controller_v4_efficient__k1_2_4_8_16,survival_utility_controller_v4_efficient__k1_2_4_8_16,survival_utility_controller_v4_efficient,k1_2_4_8_16,80.67101064767479
slow_only,109850,1627748,179600,1448148,14.817915339098771,1.634956759217114,13.182958579881657,0.0673190714610832,0.8896635105679749,1.634956759217114,392.9247365948122,1.0,0.1103364894320251,0.1803953891851771,results/apexp_block/config_large_500/evaluation/paper_cap50/apex_hot_runs/survival_utility_controller_v4_efficient__k1_2_4_8_16,survival_utility_controller_v4_efficient__k1_2_4_8_16,survival_utility_controller_v4_efficient,k1_2_4_8_16,88.96635105679749
slow_fast,113726,921893,175474,746419,8.106264178815751,1.5429541177918855,6.563310061023865,0.0987109368130418,0.8096590385218241,1.5429541177918855,63.439235606386816,0.1620479723006084,0.0308443668532866,0.0475914428469621,results/apexp_block/config_large_500/evaluation/paper_cap50/apex_hot_runs/survival_utility_controller_v4_efficient__k1_to_16,survival_utility_controller_v4_efficient__k1_to_16,survival_utility_controller_v4_efficient,k1_to_16,80.96590385218241
slow_only,109850,1627748,179600,1448148,14.817915339098771,1.634956759217114,13.182958579881657,0.0673190714610832,0.8896635105679749,1.634956759217114,391.48429138442623,1.0,0.1103364894320251,0.1803953891851771,results/apexp_block/config_large_500/evaluation/paper_cap50/apex_hot_runs/survival_utility_controller_v4_efficient__k1_to_16,survival_utility_controller_v4_efficient__k1_to_16,survival_utility_controller_v4_efficient,k1_to_16,88.96635105679749
slow_fast,119403,800291,169387,630904,6.702436287195464,1.4186159476730065,5.283820339522458,0.1346532331683458,0.7883432401463968,1.4186159476730065,55.587893112488,0.1408262599082501,0.0298068298744816,0.0422844442095158,results/apexp_block/config_large_500/evaluation/paper_cap50/apex_hot_runs/survival_utility_controller_v4_efficient__k2_4_6_8,survival_utility_controller_v4_efficient__k2_4_6_8,survival_utility_controller_v4_efficient,k2_4_6_8,78.83432401463968
slow_only,109850,1627748,179600,1448148,14.817915339098771,1.634956759217114,13.182958579881657,0.0673190714610832,0.8896635105679749,1.634956759217114,394.72675869332966,1.0,0.1103364894320251,0.1803953891851771,results/apexp_block/config_large_500/evaluation/paper_cap50/apex_hot_runs/survival_utility_controller_v4_efficient__k2_4_6_8,survival_utility_controller_v4_efficient__k2_4_6_8,survival_utility_controller_v4_efficient,k2_4_6_8,88.96635105679749
slow_fast,109548,1392987,179861,1213126,12.71576843027714,1.641846496512944,11.073921933764195,0.0651038814035856,0.8708810634987979,1.641846496512944,62.392183102167,0.1569582577345032,0.0202662833137606,0.0332741262560366,results/apexp_block/config_large_500/evaluation/paper_cap50/apex_hot_runs/survival_utility_controller_v4_speed_first__k1_2_4_6_8_10_12_14_16,survival_utility_controller_v4_speed_first__k1_2_4_6_8_10_12_14_16,survival_utility_controller_v4_speed_first,k1_2_4_6_8_10_12_14_16,87.0881063498798
slow_only,109850,1627748,179600,1448148,14.817915339098771,1.634956759217114,13.182958579881657,0.0673190714610832,0.8896635105679749,1.634956759217114,397.50812733729583,1.0,0.1103364894320251,0.1803953891851771,results/apexp_block/config_large_500/evaluation/paper_cap50/apex_hot_runs/survival_utility_controller_v4_speed_first__k1_2_4_6_8_10_12_14_16,survival_utility_controller_v4_speed_first__k1_2_4_6_8_10_12_14_16,survival_utility_controller_v4_speed_first,k1_2_4_6_8_10_12_14_16,88.96635105679749
slow_fast,109606,1424347,179854,1244493,12.995155374705764,1.6409138185865737,11.35424155611919,0.0656442165574877,0.8737288034446662,1.6409138185865737,62.15156337831078,0.1557184677660054,0.0196627572505766,0.0322648900839846,results/apexp_block/config_large_500/evaluation/paper_cap50/apex_hot_runs/survival_utility_controller_v4_speed_first__k1_2_4_8_16,survival_utility_controller_v4_speed_first__k1_2_4_8_16,survival_utility_controller_v4_speed_first,k1_2_4_8_16,87.37288034446662
slow_only,109850,1627748,179600,1448148,14.817915339098771,1.634956759217114,13.182958579881657,0.0673190714610832,0.8896635105679749,1.634956759217114,399.12776095192834,1.0,0.1103364894320251,0.1803953891851771,results/apexp_block/config_large_500/evaluation/paper_cap50/apex_hot_runs/survival_utility_controller_v4_speed_first__k1_2_4_8_16,survival_utility_controller_v4_speed_first__k1_2_4_8_16,survival_utility_controller_v4_speed_first,k1_2_4_8_16,88.96635105679749
slow_fast,109435,1388970,180054,1208916,12.692191711975145,1.6453054324484857,11.04688627952666,0.0653081738018001,0.8703686904684766,1.6453054324484857,60.41384570100601,0.1540080245355994,0.0199642618989127,0.0328473085571054,results/apexp_block/config_large_500/evaluation/paper_cap50/apex_hot_runs/survival_utility_controller_v4_speed_first__k1_to_16,survival_utility_controller_v4_speed_first__k1_to_16,survival_utility_controller_v4_speed_first,k1_to_16,87.03686904684767
slow_only,109850,1627748,179600,1448148,14.817915339098771,1.634956759217114,13.182958579881657,0.0673190714610832,0.8896635105679749,1.634956759217114,392.2772588193363,1.0,0.1103364894320251,0.1803953891851771,results/apexp_block/config_large_500/evaluation/paper_cap50/apex_hot_runs/survival_utility_controller_v4_speed_first__k1_to_16,survival_utility_controller_v4_speed_first__k1_to_16,survival_utility_controller_v4_speed_first,k1_to_16,88.96635105679749
slow_fast,117826,872700,170967,701733,7.406684432977442,1.451012509972332,5.955671923005109,0.1230713085397111,0.8040941904434513,1.451012509972332,56.99851622236892,0.143143167023403,0.028042578018208,0.0406901315162949,results/apexp_block/config_large_500/evaluation/paper_cap50/apex_hot_runs/survival_utility_controller_v4_speed_first__k2_4_6_8,survival_utility_controller_v4_speed_first__k2_4_6_8,survival_utility_controller_v4_speed_first,k2_4_6_8,80.40941904434513
slow_only,109850,1627748,179600,1448148,14.817915339098771,1.634956759217114,13.182958579881657,0.0673190714610832,0.8896635105679749,1.634956759217114,398.1923650819463,1.0,0.1103364894320251,0.1803953891851771,results/apexp_block/config_large_500/evaluation/paper_cap50/apex_hot_runs/survival_utility_controller_v4_speed_first__k2_4_6_8,survival_utility_controller_v4_speed_first__k2_4_6_8,survival_utility_controller_v4_speed_first,k2_4_6_8,88.96635105679749
slow_fast,111076,943233,178452,764781,8.491780402607224,1.6065756779142208,6.885204724693003,0.0808185386582159,0.8108081460254253,1.6065756779142208,67.99807681438791,0.1731780561566566,0.0327638775119908,0.0526376487249252,results/apexp_block/config_large_500/evaluation/paper_cap50/apex_hot_runs/survival_utility_controller_v4b_rankgroup_balanced_lr5e4_rank2__k1_2_4_6_8_10_12_14_16,survival_utility_controller_v4b_rankgroup_balanced_lr5e4_rank2__k1_2_4_6_8_10_12_14_16,survival_utility_controller_v4b_rankgroup_balanced_lr5e4_rank2,k1_2_4_6_8_10_12_14_16,81.08081460254253
slow_only,109850,1627748,179600,1448148,14.817915339098771,1.634956759217114,13.182958579881657,0.0673190714610832,0.8896635105679749,1.634956759217114,392.648343118466,1.0,0.1103364894320251,0.1803953891851771,results/apexp_block/config_large_500/evaluation/paper_cap50/apex_hot_runs/survival_utility_controller_v4b_rankgroup_balanced_lr5e4_rank2__k1_2_4_6_8_10_12_14_16,survival_utility_controller_v4b_rankgroup_balanced_lr5e4_rank2__k1_2_4_6_8_10_12_14_16,survival_utility_controller_v4b_rankgroup_balanced_lr5e4_rank2,k1_2_4_6_8_10_12_14_16,88.96635105679749
slow_fast,111249,911791,178273,733518,8.195947828744528,1.6024683367940389,6.5934794919504895,0.0833715359239184,0.804480412726162,1.6024683367940389,58.17266602342173,0.1492922676103059,0.0291895625463423,0.0467753497453828,results/apexp_block/config_large_500/evaluation/paper_cap50/apex_hot_runs/survival_utility_controller_v4b_rankgroup_balanced_lr5e4_rank2__k1_2_4_8_16,survival_utility_controller_v4b_rankgroup_balanced_lr5e4_rank2__k1_2_4_8_16,survival_utility_controller_v4b_rankgroup_balanced_lr5e4_rank2,k1_2_4_8_16,80.4480412726162
slow_only,109850,1627748,179600,1448148,14.817915339098771,1.634956759217114,13.182958579881657,0.0673190714610832,0.8896635105679749,1.634956759217114,389.6562558435273,1.0,0.1103364894320251,0.1803953891851771,results/apexp_block/config_large_500/evaluation/paper_cap50/apex_hot_runs/survival_utility_controller_v4b_rankgroup_balanced_lr5e4_rank2__k1_2_4_8_16,survival_utility_controller_v4b_rankgroup_balanced_lr5e4_rank2__k1_2_4_8_16,survival_utility_controller_v4b_rankgroup_balanced_lr5e4_rank2,k1_2_4_8_16,88.96635105679749
slow_fast,111043,943152,178451,764701,8.49357456120602,1.607044118044361,6.886530443161658,0.0803292418252388,0.8107929580809881,1.607044118044361,64.12110469501582,0.16354919916706,0.0309446601826227,0.0497294341313654,results/apexp_block/config_large_500/evaluation/paper_cap50/apex_hot_runs/survival_utility_controller_v4b_rankgroup_balanced_lr5e4_rank2__k1_to_16,survival_utility_controller_v4b_rankgroup_balanced_lr5e4_rank2__k1_to_16,survival_utility_controller_v4b_rankgroup_balanced_lr5e4_rank2,k1_to_16,81.0792958080988
slow_only,109850,1627748,179600,1448148,14.817915339098771,1.634956759217114,13.182958579881657,0.0673190714610832,0.8896635105679749,1.634956759217114,392.0600346658883,1.0,0.1103364894320251,0.1803953891851771,results/apexp_block/config_large_500/evaluation/paper_cap50/apex_hot_runs/survival_utility_controller_v4b_rankgroup_balanced_lr5e4_rank2__k1_to_16,survival_utility_controller_v4b_rankgroup_balanced_lr5e4_rank2__k1_to_16,survival_utility_controller_v4b_rankgroup_balanced_lr5e4_rank2,k1_to_16,88.96635105679749
slow_fast,118955,735647,169832,565815,6.184246143499642,1.4276995502500949,4.756546593249548,0.1326972384515153,0.7691392746792959,1.4276995502500949,61.76432013041013,0.1582287572281207,0.0365288056602775,0.0521521594123513,results/apexp_block/config_large_500/evaluation/paper_cap50/apex_hot_runs/survival_utility_controller_v4b_rankgroup_balanced_lr5e4_rank2__k2_4_6_8,survival_utility_controller_v4b_rankgroup_balanced_lr5e4_rank2__k2_4_6_8,survival_utility_controller_v4b_rankgroup_balanced_lr5e4_rank2,k2_4_6_8,76.91392746792958
slow_only,109850,1627748,179600,1448148,14.817915339098771,1.634956759217114,13.182958579881657,0.0673190714610832,0.8896635105679749,1.634956759217114,390.3482604073267,1.0,0.1103364894320251,0.1803953891851771,results/apexp_block/config_large_500/evaluation/paper_cap50/apex_hot_runs/survival_utility_controller_v4b_rankgroup_balanced_lr5e4_rank2__k2_4_6_8,survival_utility_controller_v4b_rankgroup_balanced_lr5e4_rank2__k2_4_6_8,survival_utility_controller_v4b_rankgroup_balanced_lr5e4_rank2,k2_4_6_8,88.96635105679749
slow_fast,111197,1083988,178282,905706,9.748356520409724,1.6032986501434392,8.145057870266283,0.0815849348453645,0.8355313896463799,1.6032986501434392,64.40273962368771,0.16347843479137,0.0268870709929215,0.0431080046292619,results/apexp_block/config_large_500/evaluation/paper_cap50/apex_hot_runs/survival_utility_controller_v4b_rankgroup_efficient_lr5e4_rank2__k1_2_4_6_8_10_12_14_16,survival_utility_controller_v4b_rankgroup_efficient_lr5e4_rank2__k1_2_4_6_8_10_12_14_16,survival_utility_controller_v4b_rankgroup_efficient_lr5e4_rank2,k1_2_4_6_8_10_12_14_16,83.55313896463798
slow_only,109850,1627748,179600,1448148,14.817915339098771,1.634956759217114,13.182958579881657,0.0673190714610832,0.8896635105679749,1.634956759217114,393.9525094296261,1.0,0.1103364894320251,0.1803953891851771,results/apexp_block/config_large_500/evaluation/paper_cap50/apex_hot_runs/survival_utility_controller_v4b_rankgroup_efficient_lr5e4_rank2__k1_2_4_6_8_10_12_14_16,survival_utility_controller_v4b_rankgroup_efficient_lr5e4_rank2__k1_2_4_6_8_10_12_14_16,survival_utility_controller_v4b_rankgroup_efficient_lr5e4_rank2,k1_2_4_6_8_10_12_14_16,88.96635105679749
slow_fast,111601,1091873,177737,914136,9.7837205759805,1.5926111773191995,8.191109398661302,0.08246341878657,0.8372182479097844,1.5926111773191995,66.73002373394804,0.1691367607711247,0.0275323782611873,0.043848373356947,results/apexp_block/config_large_500/evaluation/paper_cap50/apex_hot_runs/survival_utility_controller_v4b_rankgroup_efficient_lr5e4_rank2__k1_2_4_8_16,survival_utility_controller_v4b_rankgroup_efficient_lr5e4_rank2__k1_2_4_8_16,survival_utility_controller_v4b_rankgroup_efficient_lr5e4_rank2,k1_2_4_8_16,83.72182479097845
slow_only,109850,1627748,179600,1448148,14.817915339098771,1.634956759217114,13.182958579881657,0.0673190714610832,0.8896635105679749,1.634956759217114,394.5329414475832,1.0,0.1103364894320251,0.1803953891851771,results/apexp_block/config_large_500/evaluation/paper_cap50/apex_hot_runs/survival_utility_controller_v4b_rankgroup_efficient_lr5e4_rank2__k1_2_4_8_16,survival_utility_controller_v4b_rankgroup_efficient_lr5e4_rank2__k1_2_4_8_16,survival_utility_controller_v4b_rankgroup_efficient_lr5e4_rank2,k1_2_4_8_16,88.96635105679749
slow_fast,111487,1081043,177862,903181,9.696583458161042,1.5953608940952757,8.101222564065765,0.0805205988142115,0.8354718544960746,1.5953608940952757,63.727443706840425,0.1621335985862331,0.0266755402992707,0.0425571138223192,results/apexp_block/config_large_500/evaluation/paper_cap50/apex_hot_runs/survival_utility_controller_v4b_rankgroup_efficient_lr5e4_rank2__k1_to_16,survival_utility_controller_v4b_rankgroup_efficient_lr5e4_rank2__k1_to_16,survival_utility_controller_v4b_rankgroup_efficient_lr5e4_rank2,k1_to_16,83.54718544960747
slow_only,109850,1627748,179600,1448148,14.817915339098771,1.634956759217114,13.182958579881657,0.0673190714610832,0.8896635105679749,1.634956759217114,393.0551363969513,1.0,0.1103364894320251,0.1803953891851771,results/apexp_block/config_large_500/evaluation/paper_cap50/apex_hot_runs/survival_utility_controller_v4b_rankgroup_efficient_lr5e4_rank2__k1_to_16,survival_utility_controller_v4b_rankgroup_efficient_lr5e4_rank2__k1_to_16,survival_utility_controller_v4b_rankgroup_efficient_lr5e4_rank2,k1_to_16,88.96635105679749
slow_fast,119607,691027,169224,521803,5.777479578954409,1.4148335799744165,4.362645998979993,0.137592281388213,0.7551123183319899,1.4148335799744165,66.30715365608606,0.1675664854998668,0.0410349681593186,0.0580576509049849,results/apexp_block/config_large_500/evaluation/paper_cap50/apex_hot_runs/survival_utility_controller_v4b_rankgroup_efficient_lr5e4_rank2__k2_4_6_8,survival_utility_controller_v4b_rankgroup_efficient_lr5e4_rank2__k2_4_6_8,survival_utility_controller_v4b_rankgroup_efficient_lr5e4_rank2,k2_4_6_8,75.51123183319899
slow_only,109850,1627748,179600,1448148,14.817915339098771,1.634956759217114,13.182958579881657,0.0673190714610832,0.8896635105679749,1.634956759217114,395.70653677127297,1.0,0.1103364894320251,0.1803953891851771,results/apexp_block/config_large_500/evaluation/paper_cap50/apex_hot_runs/survival_utility_controller_v4b_rankgroup_efficient_lr5e4_rank2__k2_4_6_8,survival_utility_controller_v4b_rankgroup_efficient_lr5e4_rank2__k2_4_6_8,survival_utility_controller_v4b_rankgroup_efficient_lr5e4_rank2,k2_4_6_8,88.96635105679749
slow_fast,112084,831183,177217,653966,7.415714999464687,1.5811088112487064,5.8346061882159805,0.0903518789479319,0.7867894314489108,1.5811088112487064,58.32734892855332,0.1494994365381712,0.0318748598623709,0.0503976217857124,results/apexp_block/config_large_500/evaluation/paper_cap50/apex_hot_runs/survival_utility_controller_v4b_rankgroup_speed_lr3e4_rank3__k1_2_4_6_8_10_12_14_16,survival_utility_controller_v4b_rankgroup_speed_lr3e4_rank3__k1_2_4_6_8_10_12_14_16,survival_utility_controller_v4b_rankgroup_speed_lr3e4_rank3,k1_2_4_6_8_10_12_14_16,78.67894314489108
slow_only,109850,1627748,179600,1448148,14.817915339098771,1.634956759217114,13.182958579881657,0.0673190714610832,0.8896635105679749,1.634956759217114,390.1509616302855,1.0,0.1103364894320251,0.1803953891851771,results/apexp_block/config_large_500/evaluation/paper_cap50/apex_hot_runs/survival_utility_controller_v4b_rankgroup_speed_lr3e4_rank3__k1_2_4_6_8_10_12_14_16,survival_utility_controller_v4b_rankgroup_speed_lr3e4_rank3__k1_2_4_6_8_10_12_14_16,survival_utility_controller_v4b_rankgroup_speed_lr3e4_rank3,k1_2_4_6_8_10_12_14_16,88.96635105679749
slow_fast,112241,796540,177180,619360,7.096693721545603,1.578567546618437,5.518126174927166,0.0934061528318528,0.77756295980114,1.578567546618437,63.99406990013906,0.1613313954518742,0.0358860780954667,0.0566485982569185,results/apexp_block/config_large_500/evaluation/paper_cap50/apex_hot_runs/survival_utility_controller_v4b_rankgroup_speed_lr3e4_rank3__k1_2_4_8_16,survival_utility_controller_v4b_rankgroup_speed_lr3e4_rank3__k1_2_4_8_16,survival_utility_controller_v4b_rankgroup_speed_lr3e4_rank3,k1_2_4_8_16,77.756295980114
slow_only,109850,1627748,179600,1448148,14.817915339098771,1.634956759217114,13.182958579881657,0.0673190714610832,0.8896635105679749,1.634956759217114,396.6622226312345,1.0,0.1103364894320251,0.1803953891851771,results/apexp_block/config_large_500/evaluation/paper_cap50/apex_hot_runs/survival_utility_controller_v4b_rankgroup_speed_lr3e4_rank3__k1_2_4_8_16,survival_utility_controller_v4b_rankgroup_speed_lr3e4_rank3__k1_2_4_8_16,survival_utility_controller_v4b_rankgroup_speed_lr3e4_rank3,k1_2_4_8_16,88.96635105679749
slow_fast,111704,827861,177030,650831,7.411202821743179,1.5848134355081287,5.82638938623505,0.0903190575091312,0.7861597538717249,1.5848134355081287,66.05137390798058,0.168664803825955,0.0360673231633194,0.0571599783320422,results/apexp_block/config_large_500/evaluation/paper_cap50/apex_hot_runs/survival_utility_controller_v4b_rankgroup_speed_lr3e4_rank3__k1_to_16,survival_utility_controller_v4b_rankgroup_speed_lr3e4_rank3__k1_to_16,survival_utility_controller_v4b_rankgroup_speed_lr3e4_rank3,k1_to_16,78.61597538717248
slow_only,109850,1627748,179600,1448148,14.817915339098771,1.634956759217114,13.182958579881657,0.0673190714610832,0.8896635105679749,1.634956759217114,391.6132613899631,1.0,0.1103364894320251,0.1803953891851771,results/apexp_block/config_large_500/evaluation/paper_cap50/apex_hot_runs/survival_utility_controller_v4b_rankgroup_speed_lr3e4_rank3__k1_to_16,survival_utility_controller_v4b_rankgroup_speed_lr3e4_rank3__k1_to_16,survival_utility_controller_v4b_rankgroup_speed_lr3e4_rank3,k1_to_16,88.96635105679749
slow_fast,118842,733357,169927,563430,6.170857104390704,1.429856448057084,4.741000656333619,0.1344221739788963,0.7682888415873851,1.429856448057084,62.37378132118585,0.1576304466625981,0.0365247333972885,0.0522251255616789,results/apexp_block/config_large_500/evaluation/paper_cap50/apex_hot_runs/survival_utility_controller_v4b_rankgroup_speed_lr3e4_rank3__k2_4_6_8,survival_utility_controller_v4b_rankgroup_speed_lr3e4_rank3__k2_4_6_8,survival_utility_controller_v4b_rankgroup_speed_lr3e4_rank3,k2_4_6_8,76.8288841587385
slow_only,109850,1627748,179600,1448148,14.817915339098771,1.634956759217114,13.182958579881657,0.0673190714610832,0.8896635105679749,1.634956759217114,395.6962797592937,1.0,0.1103364894320251,0.1803953891851771,results/apexp_block/config_large_500/evaluation/paper_cap50/apex_hot_runs/survival_utility_controller_v4b_rankgroup_speed_lr3e4_rank3__k2_4_6_8,survival_utility_controller_v4b_rankgroup_speed_lr3e4_rank3__k2_4_6_8,survival_utility_controller_v4b_rankgroup_speed_lr3e4_rank3,k2_4_6_8,88.96635105679749
slow_fast,113734,767680,175595,592085,6.749784585084496,1.543909472980815,5.205875112103681,0.1022121792955492,0.7712653709879116,1.543909472980815,64.22735290595625,0.1633374855987683,0.0373609391722015,0.057681907907422,results/apexp_block/config_large_500/evaluation/paper_cap50/apex_hot_runs/survival_utility_controller_v4b_rankgroup_speed_lr5e4_rank2__k1_2_4_6_8_10_12_14_16,survival_utility_controller_v4b_rankgroup_speed_lr5e4_rank2__k1_2_4_6_8_10_12_14_16,survival_utility_controller_v4b_rankgroup_speed_lr5e4_rank2,k1_2_4_6_8_10_12_14_16,77.12653709879116
slow_only,109850,1627748,179600,1448148,14.817915339098771,1.634956759217114,13.182958579881657,0.0673190714610832,0.8896635105679749,1.634956759217114,393.2186948422119,1.0,0.1103364894320251,0.1803953891851771,results/apexp_block/config_large_500/evaluation/paper_cap50/apex_hot_runs/survival_utility_controller_v4b_rankgroup_speed_lr5e4_rank2__k1_2_4_6_8_10_12_14_16,survival_utility_controller_v4b_rankgroup_speed_lr5e4_rank2__k1_2_4_6_8_10_12_14_16,survival_utility_controller_v4b_rankgroup_speed_lr5e4_rank2,k1_2_4_6_8_10_12_14_16,88.96635105679749
slow_fast,113747,740090,175636,564454,6.506457313159908,1.5440934705970268,4.962363842562881,0.1041873631832048,0.762682916942534,1.5440934705970268,61.66897753732653,0.1589831422959076,0.0377294155849748,0.0582577442542013,results/apexp_block/config_large_500/evaluation/paper_cap50/apex_hot_runs/survival_utility_controller_v4b_rankgroup_speed_lr5e4_rank2__k1_2_4_8_16,survival_utility_controller_v4b_rankgroup_speed_lr5e4_rank2__k1_2_4_8_16,survival_utility_controller_v4b_rankgroup_speed_lr5e4_rank2,k1_2_4_8_16,76.26829169425339
slow_only,109850,1627748,179600,1448148,14.817915339098771,1.634956759217114,13.182958579881657,0.0673190714610832,0.8896635105679749,1.634956759217114,387.8963306848284,1.0,0.1103364894320251,0.1803953891851771,results/apexp_block/config_large_500/evaluation/paper_cap50/apex_hot_runs/survival_utility_controller_v4b_rankgroup_speed_lr5e4_rank2__k1_2_4_8_16,survival_utility_controller_v4b_rankgroup_speed_lr5e4_rank2__k1_2_4_8_16,survival_utility_controller_v4b_rankgroup_speed_lr5e4_rank2,k1_2_4_8_16,88.96635105679749
slow_fast,113366,765545,175355,590190,6.7528624102464585,1.5468041564490236,5.206058253797435,0.101503096166399,0.7709409636272199,1.5468041564490236,56.91657194606722,0.1440715706214424,0.0330008951352605,0.0510459217617593,results/apexp_block/config_large_500/evaluation/paper_cap50/apex_hot_runs/survival_utility_controller_v4b_rankgroup_speed_lr5e4_rank2__k1_to_16,survival_utility_controller_v4b_rankgroup_speed_lr5e4_rank2__k1_to_16,survival_utility_controller_v4b_rankgroup_speed_lr5e4_rank2,k1_to_16,77.09409636272198
slow_only,109850,1627748,179600,1448148,14.817915339098771,1.634956759217114,13.182958579881657,0.0673190714610832,0.8896635105679749,1.634956759217114,395.0576210182318,1.0,0.1103364894320251,0.1803953891851771,results/apexp_block/config_large_500/evaluation/paper_cap50/apex_hot_runs/survival_utility_controller_v4b_rankgroup_speed_lr5e4_rank2__k1_to_16,survival_utility_controller_v4b_rankgroup_speed_lr5e4_rank2__k1_to_16,survival_utility_controller_v4b_rankgroup_speed_lr5e4_rank2,k1_to_16,88.96635105679749
slow_fast,119776,676956,169001,507955,5.651850120224419,1.41097548757681,4.240874632647609,0.1412219476355864,0.7503515738098192,1.41097548757681,66.15721151615749,0.1666797428873526,0.0416113354896115,0.0587125743811769,results/apexp_block/config_large_500/evaluation/paper_cap50/apex_hot_runs/survival_utility_controller_v4b_rankgroup_speed_lr5e4_rank2__k2_4_6_8,survival_utility_controller_v4b_rankgroup_speed_lr5e4_rank2__k2_4_6_8,survival_utility_controller_v4b_rankgroup_speed_lr5e4_rank2,k2_4_6_8,75.03515738098191
slow_only,109850,1627748,179600,1448148,14.817915339098771,1.634956759217114,13.182958579881657,0.0673190714610832,0.8896635105679749,1.634956759217114,396.9121284334389,1.0,0.1103364894320251,0.1803953891851771,results/apexp_block/config_large_500/evaluation/paper_cap50/apex_hot_runs/survival_utility_controller_v4b_rankgroup_speed_lr5e4_rank2__k2_4_6_8,survival_utility_controller_v4b_rankgroup_speed_lr5e4_rank2__k2_4_6_8,survival_utility_controller_v4b_rankgroup_speed_lr5e4_rank2,k2_4_6_8,88.96635105679749
