pool,n,mean_tps,median_tps,mean_wall_s,median_wall_s,mean_output_tokens,speedup_vs_slow_only_tps,latency_speedup_vs_slow_only,run_root,run_name,model_variant,candidate_set,slow_only_mean_tps,tps_ratio_vs_slow_only
slow_fast,400,60.54253092811727,35.810442526010675,17.1915688174963,16.228791117668152,804.5225,0.1518449598599549,0.1775801884642007,results/apexp_block/config_large_500/evaluation/paper_cap50/apex_hot_runs/survival_utility_controller_v4_balanced__k1_2_4_6_8_10_12_14_16,survival_utility_controller_v4_balanced__k1_2_4_6_8_10_12_14_16,survival_utility_controller_v4_balanced,k1_2_4_6_8_10_12_14_16,398.7128119626429,0.15184495985995494
slow_only,400,398.7128119626429,229.7292689892841,3.05288203060627,2.6745742559432983,804.5225,,,results/apexp_block/config_large_500/evaluation/paper_cap50/apex_hot_runs/survival_utility_controller_v4_balanced__k1_2_4_6_8_10_12_14_16,survival_utility_controller_v4_balanced__k1_2_4_6_8_10_12_14_16,survival_utility_controller_v4_balanced,k1_2_4_6_8_10_12_14_16,398.7128119626429,1.0
slow_fast,400,61.01600360484626,36.21615672517736,17.34672459602356,17.054009914398193,804.5225,0.1538528997950492,0.1762736945752386,results/apexp_block/config_large_500/evaluation/paper_cap50/apex_hot_runs/survival_utility_controller_v4_balanced__k1_2_4_8_16,survival_utility_controller_v4_balanced__k1_2_4_8_16,survival_utility_controller_v4_balanced,k1_2_4_8_16,396.5866336359405,0.15385289979504926
slow_only,400,396.5866336359405,228.7277946148515,3.0577712333202363,2.7022597789764404,804.5225,,,results/apexp_block/config_large_500/evaluation/paper_cap50/apex_hot_runs/survival_utility_controller_v4_balanced__k1_2_4_8_16,survival_utility_controller_v4_balanced__k1_2_4_8_16,survival_utility_controller_v4_balanced,k1_2_4_8_16,396.5866336359405,1.0
slow_fast,400,61.86973401432932,37.242022463956495,16.779973251819612,16.321905612945557,804.5225,0.1568145210727031,0.1842302723535373,results/apexp_block/config_large_500/evaluation/paper_cap50/apex_hot_runs/survival_utility_controller_v4_balanced__k1_to_16,survival_utility_controller_v4_balanced__k1_to_16,survival_utility_controller_v4_balanced,k1_to_16,394.54084730868107,0.15681452107270313
slow_only,400,394.54084730868107,228.1114244705473,3.0913790422678,2.6707082986831665,804.5225,,,results/apexp_block/config_large_500/evaluation/paper_cap50/apex_hot_runs/survival_utility_controller_v4_balanced__k1_to_16,survival_utility_controller_v4_balanced__k1_to_16,survival_utility_controller_v4_balanced,k1_to_16,394.54084730868107,1.0
slow_fast,400,59.48860292588429,43.525576593459775,15.193701056838036,13.742821216583252,804.5225,0.1527379055535894,0.2041182330001079,results/apexp_block/config_large_500/evaluation/paper_cap50/apex_hot_runs/survival_utility_controller_v4_balanced__k2_4_6_8,survival_utility_controller_v4_balanced__k2_4_6_8,survival_utility_controller_v4_balanced,k2_4_6_8,389.481594043544,0.15273790555358943
slow_only,400,389.481594043544,226.23916679230865,3.101311412453652,2.7117931842803955,804.5225,,,results/apexp_block/config_large_500/evaluation/paper_cap50/apex_hot_runs/survival_utility_controller_v4_balanced__k2_4_6_8,survival_utility_controller_v4_balanced__k2_4_6_8,survival_utility_controller_v4_balanced,k2_4_6_8,389.481594043544,1.0
slow_fast,400,58.469201951272105,35.91761282385312,17.77663536429405,16.963680386543274,804.5225,0.1463892959804386,0.171786260519082,results/apexp_block/config_large_500/evaluation/paper_cap50/apex_hot_runs/survival_utility_controller_v4_efficient__k1_2_4_6_8_10_12_14_16,survival_utility_controller_v4_efficient__k1_2_4_6_8_10_12_14_16,survival_utility_controller_v4_efficient,k1_2_4_6_8_10_12_14_16,399.40899749313,0.14638929598043868
slow_only,400,399.40899749313,229.4157085861069,3.0537817138433456,2.6734050512313843,804.5225,,,results/apexp_block/config_large_500/evaluation/paper_cap50/apex_hot_runs/survival_utility_controller_v4_efficient__k1_2_4_6_8_10_12_14_16,survival_utility_controller_v4_efficient__k1_2_4_6_8_10_12_14_16,survival_utility_controller_v4_efficient,k1_2_4_6_8_10_12_14_16,399.40899749313,1.0
slow_fast,400,57.03702874131128,34.481685385414,18.312782064676284,17.344677448272705,804.5225,0.1451601882732275,0.1683135113267048,results/apexp_block/config_large_500/evaluation/paper_cap50/apex_hot_runs/survival_utility_controller_v4_efficient__k1_2_4_8_16,survival_utility_controller_v4_efficient__k1_2_4_8_16,survival_utility_controller_v4_efficient,k1_2_4_8_16,392.9247365948122,0.14516018827322755
slow_only,400,392.9247365948122,228.16770197468588,3.082288651466369,2.6956140995025635,804.5225,,,results/apexp_block/config_large_500/evaluation/paper_cap50/apex_hot_runs/survival_utility_controller_v4_efficient__k1_2_4_8_16,survival_utility_controller_v4_efficient__k1_2_4_8_16,survival_utility_controller_v4_efficient,k1_2_4_8_16,392.9247365948122,1.0
slow_fast,400,63.439235606386816,38.27222831700677,16.6391191637516,15.834511876106262,804.5225,0.1620479723006084,0.186356786806381,results/apexp_block/config_large_500/evaluation/paper_cap50/apex_hot_runs/survival_utility_controller_v4_efficient__k1_to_16,survival_utility_controller_v4_efficient__k1_to_16,survival_utility_controller_v4_efficient,k1_to_16,391.48429138442623,0.1620479723006084
slow_only,400,391.48429138442623,225.588446762,3.1008127826452254,2.711391568183899,804.5225,,,results/apexp_block/config_large_500/evaluation/paper_cap50/apex_hot_runs/survival_utility_controller_v4_efficient__k1_to_16,survival_utility_controller_v4_efficient__k1_to_16,survival_utility_controller_v4_efficient,k1_to_16,391.48429138442623,1.0
slow_fast,400,55.587893112488,40.987586514531614,16.15418829858303,14.99439823627472,804.5225,0.1408262599082501,0.1902018536283182,results/apexp_block/config_large_500/evaluation/paper_cap50/apex_hot_runs/survival_utility_controller_v4_efficient__k2_4_6_8,survival_utility_controller_v4_efficient__k2_4_6_8,survival_utility_controller_v4_efficient,k2_4_6_8,394.72675869332966,0.14082625990825018
slow_only,400,394.72675869332966,227.2147983048063,3.0725565582513807,2.7070086002349854,804.5225,,,results/apexp_block/config_large_500/evaluation/paper_cap50/apex_hot_runs/survival_utility_controller_v4_efficient__k2_4_6_8,survival_utility_controller_v4_efficient__k2_4_6_8,survival_utility_controller_v4_efficient,k2_4_6_8,394.72675869332966,1.0
slow_fast,400,62.392183102167,37.31270802338831,16.768121449351312,16.586875796318054,804.5225,0.1569582577345032,0.1834002621220463,results/apexp_block/config_large_500/evaluation/paper_cap50/apex_hot_runs/survival_utility_controller_v4_speed_first__k1_2_4_6_8_10_12_14_16,survival_utility_controller_v4_speed_first__k1_2_4_6_8_10_12_14_16,survival_utility_controller_v4_speed_first,k1_2_4_6_8_10_12_14_16,397.50812733729583,0.15695825773450323
slow_only,400,397.50812733729583,226.87463044944383,3.075277869105339,2.686913847923279,804.5225,,,results/apexp_block/config_large_500/evaluation/paper_cap50/apex_hot_runs/survival_utility_controller_v4_speed_first__k1_2_4_6_8_10_12_14_16,survival_utility_controller_v4_speed_first__k1_2_4_6_8_10_12_14_16,survival_utility_controller_v4_speed_first,k1_2_4_6_8_10_12_14_16,397.50812733729583,1.0
slow_fast,400,62.15156337831078,36.30221487981898,17.132037761807442,16.847601413726807,804.5225,0.1557184677660054,0.1781550182407563,results/apexp_block/config_large_500/evaluation/paper_cap50/apex_hot_runs/survival_utility_controller_v4_speed_first__k1_2_4_8_16,survival_utility_controller_v4_speed_first__k1_2_4_8_16,survival_utility_controller_v4_speed_first,k1_2_4_8_16,399.12776095192834,0.15571846776600545
slow_only,400,399.12776095192834,230.4768692940217,3.052158499956131,2.66458261013031,804.5225,,,results/apexp_block/config_large_500/evaluation/paper_cap50/apex_hot_runs/survival_utility_controller_v4_speed_first__k1_2_4_8_16,survival_utility_controller_v4_speed_first__k1_2_4_8_16,survival_utility_controller_v4_speed_first,k1_2_4_8_16,399.12776095192834,1.0
slow_fast,400,60.41384570100601,35.647752087100855,17.405903442502023,17.113333225250244,804.5225,0.1540080245355994,0.1770857041326312,results/apexp_block/config_large_500/evaluation/paper_cap50/apex_hot_runs/survival_utility_controller_v4_speed_first__k1_to_16,survival_utility_controller_v4_speed_first__k1_to_16,survival_utility_controller_v4_speed_first,k1_to_16,392.2772588193363,0.1540080245355994
slow_only,400,392.2772588193363,227.57742903439944,3.082336667180061,2.705499053001404,804.5225,,,results/apexp_block/config_large_500/evaluation/paper_cap50/apex_hot_runs/survival_utility_controller_v4_speed_first__k1_to_16,survival_utility_controller_v4_speed_first__k1_to_16,survival_utility_controller_v4_speed_first,k1_to_16,392.2772588193363,1.0
slow_fast,400,56.99851622236892,41.78291415050264,15.736770730018616,14.749463319778442,804.5225,0.143143167023403,0.1939076241206518,results/apexp_block/config_large_500/evaluation/paper_cap50/apex_hot_runs/survival_utility_controller_v4_speed_first__k2_4_6_8,survival_utility_controller_v4_speed_first__k2_4_6_8,survival_utility_controller_v4_speed_first,k2_4_6_8,398.1923650819463,0.14314316702340305
slow_only,400,398.1923650819463,229.38502200197505,3.051479823589325,2.681079745292664,804.5225,,,results/apexp_block/config_large_500/evaluation/paper_cap50/apex_hot_runs/survival_utility_controller_v4_speed_first__k2_4_6_8,survival_utility_controller_v4_speed_first__k2_4_6_8,survival_utility_controller_v4_speed_first,k2_4_6_8,398.1923650819463,1.0
slow_fast,400,67.99807681438791,41.47469554597805,15.525602866411209,15.062950134277344,804.5225,0.1731780561566566,0.1979898497198484,results/apexp_block/config_large_500/evaluation/paper_cap50/apex_hot_runs/survival_utility_controller_v4b_rankgroup_balanced_lr5e4_rank2__k1_2_4_6_8_10_12_14_16,survival_utility_controller_v4b_rankgroup_balanced_lr5e4_rank2__k1_2_4_6_8_10_12_14_16,survival_utility_controller_v4b_rankgroup_balanced_lr5e4_rank2,k1_2_4_6_8_10_12_14_16,392.648343118466,0.17317805615665668
slow_only,400,392.648343118466,227.7072900761381,3.0739117783308028,2.6774243116378784,804.5225,,,results/apexp_block/config_large_500/evaluation/paper_cap50/apex_hot_runs/survival_utility_controller_v4b_rankgroup_balanced_lr5e4_rank2__k1_2_4_6_8_10_12_14_16,survival_utility_controller_v4b_rankgroup_balanced_lr5e4_rank2__k1_2_4_6_8_10_12_14_16,survival_utility_controller_v4b_rankgroup_balanced_lr5e4_rank2,k1_2_4_6_8_10_12_14_16,392.648343118466,1.0
slow_fast,400,58.17266602342173,35.126546125706184,18.2663188958168,17.75523066520691,804.5225,0.1492922676103059,0.1693578712477468,results/apexp_block/config_large_500/evaluation/paper_cap50/apex_hot_runs/survival_utility_controller_v4b_rankgroup_balanced_lr5e4_rank2__k1_2_4_8_16,survival_utility_controller_v4b_rankgroup_balanced_lr5e4_rank2__k1_2_4_8_16,survival_utility_controller_v4b_rankgroup_balanced_lr5e4_rank2,k1_2_4_8_16,389.6562558435273,0.149292267610306
slow_only,400,389.6562558435273,225.34920602450927,3.0935448837280277,2.720015525817871,804.5225,,,results/apexp_block/config_large_500/evaluation/paper_cap50/apex_hot_runs/survival_utility_controller_v4b_rankgroup_balanced_lr5e4_rank2__k1_2_4_8_16,survival_utility_controller_v4b_rankgroup_balanced_lr5e4_rank2__k1_2_4_8_16,survival_utility_controller_v4b_rankgroup_balanced_lr5e4_rank2,k1_2_4_8_16,389.6562558435273,1.0
slow_fast,400,64.12110469501582,38.53244699382165,16.46198714733124,15.92580509185791,804.5225,0.16354919916706,0.1887154896089656,results/apexp_block/config_large_500/evaluation/paper_cap50/apex_hot_runs/survival_utility_controller_v4b_rankgroup_balanced_lr5e4_rank2__k1_to_16,survival_utility_controller_v4b_rankgroup_balanced_lr5e4_rank2__k1_to_16,survival_utility_controller_v4b_rankgroup_balanced_lr5e4_rank2,k1_to_16,392.0600346658883,0.16354919916706
slow_only,400,392.0600346658883,225.60061675501717,3.106631964445114,2.7222880125045776,804.5225,,,results/apexp_block/config_large_500/evaluation/paper_cap50/apex_hot_runs/survival_utility_controller_v4b_rankgroup_balanced_lr5e4_rank2__k1_to_16,survival_utility_controller_v4b_rankgroup_balanced_lr5e4_rank2__k1_to_16,survival_utility_controller_v4b_rankgroup_balanced_lr5e4_rank2,k1_to_16,392.0600346658883,1.0
slow_fast,400,61.76432013041013,45.96434241634792,14.717093579173088,13.606075882911682,804.5225,0.1582287572281207,0.2112171861242008,results/apexp_block/config_large_500/evaluation/paper_cap50/apex_hot_runs/survival_utility_controller_v4b_rankgroup_balanced_lr5e4_rank2__k2_4_6_8,survival_utility_controller_v4b_rankgroup_balanced_lr5e4_rank2__k2_4_6_8,survival_utility_controller_v4b_rankgroup_balanced_lr5e4_rank2,k2_4_6_8,390.3482604073267,0.1582287572281207
slow_only,400,390.3482604073267,226.45936551671093,3.108503093719482,2.721796751022339,804.5225,,,results/apexp_block/config_large_500/evaluation/paper_cap50/apex_hot_runs/survival_utility_controller_v4b_rankgroup_balanced_lr5e4_rank2__k2_4_6_8,survival_utility_controller_v4b_rankgroup_balanced_lr5e4_rank2__k2_4_6_8,survival_utility_controller_v4b_rankgroup_balanced_lr5e4_rank2,k2_4_6_8,390.3482604073267,1.0
slow_fast,400,64.40273962368771,38.14524279593137,16.399182269573213,16.0867817401886,804.5225,0.16347843479137,0.1879655622660403,results/apexp_block/config_large_500/evaluation/paper_cap50/apex_hot_runs/survival_utility_controller_v4b_rankgroup_efficient_lr5e4_rank2__k1_2_4_6_8_10_12_14_16,survival_utility_controller_v4b_rankgroup_efficient_lr5e4_rank2__k1_2_4_6_8_10_12_14_16,survival_utility_controller_v4b_rankgroup_efficient_lr5e4_rank2,k1_2_4_6_8_10_12_14_16,393.9525094296261,0.16347843479137
slow_only,400,393.9525094296261,227.89241027817465,3.0824815160036088,2.6989591121673584,804.5225,,,results/apexp_block/config_large_500/evaluation/paper_cap50/apex_hot_runs/survival_utility_controller_v4b_rankgroup_efficient_lr5e4_rank2__k1_2_4_6_8_10_12_14_16,survival_utility_controller_v4b_rankgroup_efficient_lr5e4_rank2__k1_2_4_6_8_10_12_14_16,survival_utility_controller_v4b_rankgroup_efficient_lr5e4_rank2,k1_2_4_6_8_10_12_14_16,393.9525094296261,1.0
slow_fast,400,66.73002373394804,39.94527095173072,15.854063061475754,15.396717190742493,804.5225,0.1691367607711247,0.1926231246883057,results/apexp_block/config_large_500/evaluation/paper_cap50/apex_hot_runs/survival_utility_controller_v4b_rankgroup_efficient_lr5e4_rank2__k1_2_4_8_16,survival_utility_controller_v4b_rankgroup_efficient_lr5e4_rank2__k1_2_4_8_16,survival_utility_controller_v4b_rankgroup_efficient_lr5e4_rank2,k1_2_4_8_16,394.5329414475832,0.16913676077112474
slow_only,400,394.5329414475832,227.737545293856,3.053859165906906,2.699376702308655,804.5225,,,results/apexp_block/config_large_500/evaluation/paper_cap50/apex_hot_runs/survival_utility_controller_v4b_rankgroup_efficient_lr5e4_rank2__k1_2_4_8_16,survival_utility_controller_v4b_rankgroup_efficient_lr5e4_rank2__k1_2_4_8_16,survival_utility_controller_v4b_rankgroup_efficient_lr5e4_rank2,k1_2_4_8_16,394.5329414475832,1.0
slow_fast,400,63.727443706840425,37.82604803279117,16.405109013319016,15.85720682144165,804.5225,0.1621335985862331,0.1891988796949494,results/apexp_block/config_large_500/evaluation/paper_cap50/apex_hot_runs/survival_utility_controller_v4b_rankgroup_efficient_lr5e4_rank2__k1_to_16,survival_utility_controller_v4b_rankgroup_efficient_lr5e4_rank2__k1_to_16,survival_utility_controller_v4b_rankgroup_efficient_lr5e4_rank2,k1_to_16,393.0551363969513,0.16213359858623316
slow_only,400,393.0551363969513,227.07766348690205,3.1038282465934754,2.70994770526886,804.5225,,,results/apexp_block/config_large_500/evaluation/paper_cap50/apex_hot_runs/survival_utility_controller_v4b_rankgroup_efficient_lr5e4_rank2__k1_to_16,survival_utility_controller_v4b_rankgroup_efficient_lr5e4_rank2__k1_to_16,survival_utility_controller_v4b_rankgroup_efficient_lr5e4_rank2,k1_to_16,393.0551363969513,1.0
slow_fast,400,66.30715365608606,49.370174191916846,13.640144486427308,12.783899068832396,804.5225,0.1675664854998668,0.2241789917188557,results/apexp_block/config_large_500/evaluation/paper_cap50/apex_hot_runs/survival_utility_controller_v4b_rankgroup_efficient_lr5e4_rank2__k2_4_6_8,survival_utility_controller_v4b_rankgroup_efficient_lr5e4_rank2__k2_4_6_8,survival_utility_controller_v4b_rankgroup_efficient_lr5e4_rank2,k2_4_6_8,395.70653677127297,0.16756648549986689
slow_only,400,395.70653677127297,228.001693086094,3.057833837866783,2.7072490453720093,804.5225,,,results/apexp_block/config_large_500/evaluation/paper_cap50/apex_hot_runs/survival_utility_controller_v4b_rankgroup_efficient_lr5e4_rank2__k2_4_6_8,survival_utility_controller_v4b_rankgroup_efficient_lr5e4_rank2__k2_4_6_8,survival_utility_controller_v4b_rankgroup_efficient_lr5e4_rank2,k2_4_6_8,395.70653677127297,1.0
slow_fast,400,58.32734892855332,34.91231702420959,17.957425943017007,16.899022698402405,804.5225,0.1494994365381712,0.1726335991332343,results/apexp_block/config_large_500/evaluation/paper_cap50/apex_hot_runs/survival_utility_controller_v4b_rankgroup_speed_lr3e4_rank3__k1_2_4_6_8_10_12_14_16,survival_utility_controller_v4b_rankgroup_speed_lr3e4_rank3__k1_2_4_6_8_10_12_14_16,survival_utility_controller_v4b_rankgroup_speed_lr3e4_rank3,k1_2_4_6_8_10_12_14_16,390.1509616302855,0.14949943653817116
slow_only,400,390.1509616302855,224.38341789264544,3.10005507171154,2.699009418487549,804.5225,,,results/apexp_block/config_large_500/evaluation/paper_cap50/apex_hot_runs/survival_utility_controller_v4b_rankgroup_speed_lr3e4_rank3__k1_2_4_6_8_10_12_14_16,survival_utility_controller_v4b_rankgroup_speed_lr3e4_rank3__k1_2_4_6_8_10_12_14_16,survival_utility_controller_v4b_rankgroup_speed_lr3e4_rank3,k1_2_4_6_8_10_12_14_16,390.1509616302855,1.0
slow_fast,400,63.99406990013906,38.3107858524353,16.238140818476676,15.68699336051941,804.5225,0.1613313954518742,0.1889428325476358,results/apexp_block/config_large_500/evaluation/paper_cap50/apex_hot_runs/survival_utility_controller_v4b_rankgroup_speed_lr3e4_rank3__k1_2_4_8_16,survival_utility_controller_v4b_rankgroup_speed_lr3e4_rank3__k1_2_4_8_16,survival_utility_controller_v4b_rankgroup_speed_lr3e4_rank3,k1_2_4_8_16,396.6622226312345,0.16133139545187422
slow_only,400,396.6622226312345,228.0121403157681,3.068080321550369,2.7046639919281006,804.5225,,,results/apexp_block/config_large_500/evaluation/paper_cap50/apex_hot_runs/survival_utility_controller_v4b_rankgroup_speed_lr3e4_rank3__k1_2_4_8_16,survival_utility_controller_v4b_rankgroup_speed_lr3e4_rank3__k1_2_4_8_16,survival_utility_controller_v4b_rankgroup_speed_lr3e4_rank3,k1_2_4_8_16,396.6622226312345,1.0
slow_fast,400,66.05137390798058,40.07714586630146,15.773689503073692,15.358003735542296,803.085,0.168664803825955,0.1965397182566997,results/apexp_block/config_large_500/evaluation/paper_cap50/apex_hot_runs/survival_utility_controller_v4b_rankgroup_speed_lr3e4_rank3__k1_to_16,survival_utility_controller_v4b_rankgroup_speed_lr3e4_rank3__k1_to_16,survival_utility_controller_v4b_rankgroup_speed_lr3e4_rank3,k1_to_16,391.6132613899631,0.16866480382595503
slow_only,400,391.6132613899631,227.23279655650688,3.100156490802765,2.7107568979263306,804.5225,,,results/apexp_block/config_large_500/evaluation/paper_cap50/apex_hot_runs/survival_utility_controller_v4b_rankgroup_speed_lr3e4_rank3__k1_to_16,survival_utility_controller_v4b_rankgroup_speed_lr3e4_rank3__k1_to_16,survival_utility_controller_v4b_rankgroup_speed_lr3e4_rank3,k1_to_16,391.6132613899631,1.0
slow_fast,400,62.37378132118585,46.56369175793378,14.307925503253935,13.556740164756777,804.5225,0.1576304466625981,0.214407582667644,results/apexp_block/config_large_500/evaluation/paper_cap50/apex_hot_runs/survival_utility_controller_v4b_rankgroup_speed_lr3e4_rank3__k2_4_6_8,survival_utility_controller_v4b_rankgroup_speed_lr3e4_rank3__k2_4_6_8,survival_utility_controller_v4b_rankgroup_speed_lr3e4_rank3,k2_4_6_8,395.6962797592937,0.15763044666259812
slow_only,400,395.6962797592937,226.9545817990982,3.067727720141411,2.706424593925476,804.5225,,,results/apexp_block/config_large_500/evaluation/paper_cap50/apex_hot_runs/survival_utility_controller_v4b_rankgroup_speed_lr3e4_rank3__k2_4_6_8,survival_utility_controller_v4b_rankgroup_speed_lr3e4_rank3__k2_4_6_8,survival_utility_controller_v4b_rankgroup_speed_lr3e4_rank3,k2_4_6_8,395.6962797592937,1.0
slow_fast,400,64.22735290595625,39.79057409901917,16.316870484352112,15.683199048042296,804.5225,0.1633374855987683,0.1885813660249382,results/apexp_block/config_large_500/evaluation/paper_cap50/apex_hot_runs/survival_utility_controller_v4b_rankgroup_speed_lr5e4_rank2__k1_2_4_6_8_10_12_14_16,survival_utility_controller_v4b_rankgroup_speed_lr5e4_rank2__k1_2_4_6_8_10_12_14_16,survival_utility_controller_v4b_rankgroup_speed_lr5e4_rank2,k1_2_4_6_8_10_12_14_16,393.2186948422119,0.1633374855987683
slow_only,400,393.2186948422119,228.80156588542303,3.0770577251911164,2.66840934753418,804.5225,,,results/apexp_block/config_large_500/evaluation/paper_cap50/apex_hot_runs/survival_utility_controller_v4b_rankgroup_speed_lr5e4_rank2__k1_2_4_6_8_10_12_14_16,survival_utility_controller_v4b_rankgroup_speed_lr5e4_rank2__k1_2_4_6_8_10_12_14_16,survival_utility_controller_v4b_rankgroup_speed_lr5e4_rank2,k1_2_4_6_8_10_12_14_16,393.2186948422119,1.0
slow_fast,400,61.66897753732653,37.308800210145165,16.80483015537262,16.2457515001297,804.5225,0.1589831422959076,0.1862479150992532,results/apexp_block/config_large_500/evaluation/paper_cap50/apex_hot_runs/survival_utility_controller_v4b_rankgroup_speed_lr5e4_rank2__k1_2_4_8_16,survival_utility_controller_v4b_rankgroup_speed_lr5e4_rank2__k1_2_4_8_16,survival_utility_controller_v4b_rankgroup_speed_lr5e4_rank2,k1_2_4_8_16,387.8963306848284,0.15898314229590768
slow_only,400,387.8963306848284,224.79711364731813,3.1298645800352096,2.7184447050094604,804.5225,,,results/apexp_block/config_large_500/evaluation/paper_cap50/apex_hot_runs/survival_utility_controller_v4b_rankgroup_speed_lr5e4_rank2__k1_2_4_8_16,survival_utility_controller_v4b_rankgroup_speed_lr5e4_rank2__k1_2_4_8_16,survival_utility_controller_v4b_rankgroup_speed_lr5e4_rank2,k1_2_4_8_16,387.8963306848284,1.0
slow_fast,400,56.91657194606722,34.69120890216814,18.118516340851784,17.115025877952576,803.085,0.1440715706214424,0.1694654492354247,results/apexp_block/config_large_500/evaluation/paper_cap50/apex_hot_runs/survival_utility_controller_v4b_rankgroup_speed_lr5e4_rank2__k1_to_16,survival_utility_controller_v4b_rankgroup_speed_lr5e4_rank2__k1_to_16,survival_utility_controller_v4b_rankgroup_speed_lr5e4_rank2,k1_to_16,395.0576210182318,0.1440715706214424
slow_only,400,395.0576210182318,229.8654153016987,3.070462511181832,2.6725964546203613,804.5225,,,results/apexp_block/config_large_500/evaluation/paper_cap50/apex_hot_runs/survival_utility_controller_v4b_rankgroup_speed_lr5e4_rank2__k1_to_16,survival_utility_controller_v4b_rankgroup_speed_lr5e4_rank2__k1_to_16,survival_utility_controller_v4b_rankgroup_speed_lr5e4_rank2,k1_to_16,395.0576210182318,1.0
slow_fast,400,66.15721151615749,49.24433068166738,13.707420490980148,12.700563430786133,804.5225,0.1666797428873526,0.2213689799247773,results/apexp_block/config_large_500/evaluation/paper_cap50/apex_hot_runs/survival_utility_controller_v4b_rankgroup_speed_lr5e4_rank2__k2_4_6_8,survival_utility_controller_v4b_rankgroup_speed_lr5e4_rank2__k2_4_6_8,survival_utility_controller_v4b_rankgroup_speed_lr5e4_rank2,k2_4_6_8,396.9121284334389,0.16667974288735266
slow_only,400,396.9121284334389,228.32714574846773,3.034397691488266,2.696446418762207,804.5225,,,results/apexp_block/config_large_500/evaluation/paper_cap50/apex_hot_runs/survival_utility_controller_v4b_rankgroup_speed_lr5e4_rank2__k2_4_6_8,survival_utility_controller_v4b_rankgroup_speed_lr5e4_rank2__k2_4_6_8,survival_utility_controller_v4b_rankgroup_speed_lr5e4_rank2,k2_4_6_8,396.9121284334389,1.0
